<?xml version="1.0" encoding="UTF-8" ?>
<otrs_config version="1.0" init="Application">
        <ConfigItem Name="Frontend::Module###AgentRequest" Required="1" Valid="1">
        <Description Translatable="1">FrontendModuleRegistration for Incident module1.</Description>
        <Group>Request</Group>
        <SubGroup>Frontend::Agent::ModuleRegistration</SubGroup>
        <Setting>
            <FrontendModuleReg>
                <Title>Request</Title>
                <Group>users</Group>
                <Description>Request for Services (e.g., Update on OS)</Description>
                <NavBarName>Request1</NavBarName>
                <NavBar>
                    <Description>Request1</Description>
                    <Name>Request</Name>
                    <Link></Link>
                    <NavBar>Request</NavBar>
                    <Type>Menu</Type>
                    <Prio>8400</Prio>
                    <Block>ItemArea</Block>
                </NavBar>
                   <Loader>
                    <CSS>Core.AgentTicketQueue.css</CSS>
                    <CSS>Core.AllocationList.css</CSS>
                    <JavaScript>Core.UI.AllocationList.js</JavaScript>
                    <JavaScript>Core.Agent.TableFilters.js</JavaScript>
                </Loader>
            </FrontendModuleReg>
        </Setting>
    </ConfigItem>
	<ConfigItem Name="Frontend::Module###1-Module::AgentRequest" Required="0" Valid="1">
        <Description Translatable="1">Frontend module registration for the agent interface.</Description>
        <Group>Request</Group>
        <SubGroup>Frontend::Agent::ModuleRegistration</SubGroup>
        <Setting>
            <FrontendModuleReg>
                <Description Translatable="1">Overview of all Request tickets.</Description>
                <Title Translatable="1">AgentNewEscalation</Title>
                <NavBarName>Request</NavBarName>
                <NavBar>
                    <Description Translatable="1">Overview Escalated Tickets.</Description>
                    <Name Translatable="1">Request Queue</Name>
                    <Link>Action=AgentRequest</Link>
                    <LinkOption></LinkOption>
                    <NavBar>Request</NavBar>
                    <Type>SubMenu</Type>
                    <Block></Block>
                    <AccessKey></AccessKey>
                    <Prio>8460</Prio>
                </NavBar>
                <Loader>
                    <CSS>Core.AllocationList.css</CSS>
                    <JavaScript>Core.UI.AllocationList.js</JavaScript>
                    <JavaScript>Core.Agent.TableFilters.js</JavaScript>
                </Loader>
            </FrontendModuleReg>
        </Setting>
    </ConfigItem>
    <ConfigItem Name="Frontend::Module###RequestEscalation" Required="0" Valid="1">
        <Description Translatable="1">Frontend module registration for the agent interface.</Description>
        <Group>Request</Group>
        <SubGroup>Frontend::Agent::ModuleRegistration</SubGroup>
        <Setting>
            <FrontendModuleReg>
                <Description Translatable="1">Overview of all escalated tickets.</Description>
                <Title Translatable="1">RequestEscalation</Title>
                <NavBarName>Request</NavBarName>
                <NavBar>
                    <Description Translatable="1">Overview Escalated Tickets.</Description>
                    <Name Translatable="1">Request Escalation</Name>
                    <Link>Action=RequestEscalation</Link>
                    <LinkOption></LinkOption>
                    <NavBar>Request</NavBar>
                    <Type>SubMenu</Type>
                    <Block></Block>
                    <AccessKey></AccessKey>
                    <Prio>8480</Prio>
                </NavBar>
                <Loader>
                    <CSS>Core.AllocationList.css</CSS>
                    <JavaScript>Core.UI.AllocationList.js</JavaScript>
                    <JavaScript>Core.Agent.TableFilters.js</JavaScript>
                </Loader>
            </FrontendModuleReg>
        </Setting>
    </ConfigItem>
	    
</otrs_config>


































































































































