<?xml version="1.0" encoding="UTF-8" ?>
<otrs_config version="1.0" init="Application">
        <ConfigItem Name="Frontend::Module###Problem" Required="1" Valid="1">
        <Description Translatable="1">FrontendModuleRegistration for Incident module1.</Description>
        <Group>Problem</Group>
        <SubGroup>Frontend::Agent::ModuleRegistration</SubGroup>
        <Setting>
            <FrontendModuleReg>
                <Title>Problem</Title>
                <Group>users</Group>
                <Description>Problem1</Description>
                <NavBarName>Problem1</NavBarName>
                <NavBar>
                    <Description>Problem1</Description>
                    <Name>Problem</Name>
                    <Link></Link>
                    <NavBar>Problem</NavBar>
                    <Type>Menu</Type>
                    <Prio>8400</Prio>
                    <Block>ItemArea</Block>
                </NavBar>
                   <Loader>
                    <CSS>Core.AgentTicketQueue.css</CSS>
                    <CSS>Core.AllocationList.css</CSS>
                    <JavaScript>Core.UI.AllocationList.js</JavaScript>
                    <JavaScript>Core.Agent.TableFilters.js</JavaScript>
                </Loader>
            </FrontendModuleReg>
        </Setting>
    </ConfigItem>
	<ConfigItem Name="Frontend::Module###1-Module::AgentProblem" Required="0" Valid="1">
        <Description Translatable="1">Frontend module registration for the agent interface.</Description>
        <Group>Problem</Group>
        <SubGroup>Frontend::Agent::ModuleRegistration</SubGroup>
        <Setting>
            <FrontendModuleReg>
                <Description Translatable="1">Overview of all Problem tickets.</Description>
                <Title Translatable="1">AgentNewEscalation</Title>
                <NavBarName>Problem</NavBarName>
                <NavBar>
                    <Description Translatable="1">Overview Escalated Tickets.</Description>
                    <Name Translatable="1">Problem Queue</Name>
                    <Link>Action=AgentProblem</Link>
                    <LinkOption></LinkOption>
                    <NavBar>Problem</NavBar>
                    <Type>SubMenu</Type>
                    <Block></Block>
                    <AccessKey></AccessKey>
                    <Prio>8460</Prio>
                </NavBar>
                <Loader>
                    <CSS>Core.AllocationList.css</CSS>
                    <JavaScript>Core.UI.AllocationList.js</JavaScript>
                    <JavaScript>Core.Agent.TableFilters.js</JavaScript>
                </Loader>
            </FrontendModuleReg>
        </Setting>
    </ConfigItem>
    <ConfigItem Name="Frontend::Module###ProblemEscalation" Required="0" Valid="1">
        <Description Translatable="1">Frontend module registration for the agent interface.</Description>
        <Group>Problem</Group>
        <SubGroup>Frontend::Agent::ModuleRegistration</SubGroup>
        <Setting>
            <FrontendModuleReg>
                <Description Translatable="1">Overview of all escalated tickets.</Description>
                <Title Translatable="1">ProblemEscalation</Title>
                <NavBarName>Problem</NavBarName>
                <NavBar>
                    <Description Translatable="1">Overview Escalated Tickets.</Description>
                    <Name Translatable="1">Problem Escalation</Name>
                    <Link>Action=ProblemEscalation</Link>
                    <LinkOption></LinkOption>
                    <NavBar>Problem</NavBar>
                    <Type>SubMenu</Type>
                    <Block></Block>
                    <AccessKey></AccessKey>
                    <Prio>8480</Prio>
                </NavBar>
                <Loader>
                    <CSS>Core.AllocationList.css</CSS>
                    <JavaScript>Core.UI.AllocationList.js</JavaScript>
                    <JavaScript>Core.Agent.TableFilters.js</JavaScript>
                </Loader>
            </FrontendModuleReg>
        </Setting>
    </ConfigItem>
	    
</otrs_config>

