<?xml version="1.0" encoding="UTF-8" ?>
<otrs_config version="1.0" init="Application">
        <ConfigItem Name="Frontend::Module###AgentIncident" Required="1" Valid="1">
        <Description Translatable="1">FrontendModuleRegistration for Incident module1.</Description>
        <Group>Incident</Group>
        <SubGroup>Frontend::Agent::ModuleRegistration</SubGroup>
        <Setting>
            <FrontendModuleReg>
                <Title>Incident</Title>
                <Group>users</Group>
                <Description>Incident1</Description>
                <NavBarName>Incident1</NavBarName>
                <NavBar>
                    <Description>Incident1</Description>
                    <Name>Incident</Name>
                    <Link></Link>
                    <NavBar>Incident</NavBar>
                    <Type>Menu</Type>
                    <Prio>8400</Prio>
                    <Block>ItemArea</Block>
                </NavBar>
                   <Loader>
                    <CSS>Core.AgentTicketQueue.css</CSS>
                    <CSS>Core.AllocationList.css</CSS>
                    <JavaScript>Core.UI.AllocationList.js</JavaScript>
                    <JavaScript>Core.Agent.TableFilters.js</JavaScript>
                </Loader>
            </FrontendModuleReg>
        </Setting>
    </ConfigItem>
	<ConfigItem Name="Frontend::Module###1-Module::AgentIncident" Required="0" Valid="1">
        <Description Translatable="1">Frontend module registration for the agent interface.</Description>
        <Group>Incident</Group>
        <SubGroup>Frontend::Agent::ModuleRegistration</SubGroup>
        <Setting>
            <FrontendModuleReg>
                <Description Translatable="1">Overview of all Incident tickets.</Description>
                <Title Translatable="1">AgentNewEscalation</Title>
                <NavBarName>Incident</NavBarName>
                <NavBar>
                    <Description Translatable="1">Overview Escalated Tickets.</Description>
                    <Name Translatable="1">Incident Queue</Name>
                    <Link>Action=AgentIncident</Link>
                    <LinkOption></LinkOption>
                    <NavBar>Incident</NavBar>
                    <Type>SubMenu</Type>
                    <Block></Block>
                    <AccessKey></AccessKey>
                    <Prio>8460</Prio>
                </NavBar>
                <Loader>
                    <CSS>Core.AllocationList.css</CSS>
                    <JavaScript>Core.UI.AllocationList.js</JavaScript>
                    <JavaScript>Core.Agent.TableFilters.js</JavaScript>
                </Loader>
            </FrontendModuleReg>
        </Setting>
    </ConfigItem>
    <ConfigItem Name="Frontend::Module###AgentNewEscalation" Required="0" Valid="1">
        <Description Translatable="1">Frontend module registration for the agent interface.</Description>
        <Group>Incident</Group>
        <SubGroup>Frontend::Agent::ModuleRegistration</SubGroup>
        <Setting>
            <FrontendModuleReg>
                <Description Translatable="1">Overview of all escalated tickets.</Description>
                <Title Translatable="1">AgentNewEscalation</Title>
                <NavBarName>Incident</NavBarName>
                <NavBar>
                    <Description Translatable="1">Overview Escalated Tickets.</Description>
                    <Name Translatable="1">Incident Escalation</Name>
                    <Link>Action=AgentNewEscalation</Link>
                    <LinkOption></LinkOption>
                    <NavBar>Incident</NavBar>
                    <Type>SubMenu</Type>
                    <Block></Block>
                    <AccessKey></AccessKey>
                    <Prio>8480</Prio>
                </NavBar>
                <Loader>
                    <CSS>Core.AllocationList.css</CSS>
                    <JavaScript>Core.UI.AllocationList.js</JavaScript>
                    <JavaScript>Core.Agent.TableFilters.js</JavaScript>
                </Loader>
            </FrontendModuleReg>
        </Setting>
    </ConfigItem>
	    
</otrs_config>


































































































































